orig_sent,sent_id,simp_sent,fluency,meaning,simplicity,ref_1,bt_de,bt_zh
"One side of the armed conflicts is composed mainly of the Sudanese military and the Janjaweed, a Sudanese militia group recruited mostly from the Afro-Arab Abbala tribes of the northern Rizeigat region in Sudan.",1,One side and is composed a Sudanese militia group recruited from the Abbala tribes of Rizeigat Sudan in the region.,55.33333333,34.66666667,34.06666667,"On one side of the conflicts are the Sudanese military and the Janjaweed, a Sudanese militia group.  They are mostly recruited from the Afro-Arab Abbala tribes.","On one side of the conflicts are the Sudanese military and the Janjaweed, a Sudanese militia group. They primarily recruit from the Afro-Arab Abbala tribes.","The conflict involves the Sudanese army and the Sudanese militia group known as the ""Janjaweed,"" who primarily recruit members from the Afro-Arab Abbala tribe."
The Great Dark Spot is thought to represent a hole in the methane cloud deck of Neptune.,3,The Great Dark Spot is thought to be a hole in the cloud deck of Neptune.,86.26666667,85.86666667,78.53333333,The dark spot on Ne;tune may be a hole in the methane clouds.,The dark spot on Neptune could be a hole in the methane clouds.,The dark spots on Neptune might be gaps in the methane clouds.
"The tarantula, the trickster character, spun a black cord and, attaching it to the ball, crawled away fast to the east, pulling on the cord with all his strength.",5,"The crawled, the trickster character, builds a black cord and, connects it to the ball, tarantula away fast to the east, pulling on the cord with all his strength.",24.8,45.46666667,31.53333333,"The tarantula spun a black cord and attached it to the ball. It crawled away fast to the east, pulling on the cord.","The tarantula spun a black thread and attached it to the sphere. Then it quickly scurried east, dragging the thread behind it.","The tarantula spun a black thread, attached it to the ball, and quickly crawled east, pulling the thread along."
"There he died six weeks later, on 13 January 888.",6,"There, he died.",81.86666667,44.06666667,54.26666667,He died there six weeks later on 13 January 888.,"He died there six weeks later, on January 13, 888.","He passed away there on January 13, 888, at the age of six weeks."
They are culturally akin to the coastal peoples of Papua New Guinea.,7,They are culturally referring to the coastal peoples of Papua New Guinea.,93.6,50.73333333,46.06666667,They are culturally similar to the coastal peoples of Papua New Guinea.,They are culturally similar to the coastal peoples of Papua New Guinea.,They are culturally similar to the people of the coastal regions of Papua New Guinea.
"Since 2000, the recipient of the Kate Greenaway Medal has also been presented with the Colin Mears Award to the value of £5000.",8,", the recipient has been presented.",44.06666667,8.533333333,18.73333333,"Since 2000, the recipient of the Kate Greenaway Medal has also won the £5000 Colin Mears Award.","Since the year 2000, the winner of the Kate Greenaway Medal has also received the Colin Mears Award, which comes with a prize of £5,000.","Since 2000, the winner of the Kate Greenaway Medal has also received the Colin Mears Award of £5,000."
"Following the drummers are dancers, who often play the sogo (a tiny drum that makes almost no sound) and tend to have more elaborate — even acrobatic — choreography.",9,"Following the drummers are dancers, who often play the sogo (a small drum that makes almost no sound) and tend to have more elaborate -- even acrobatic -- choreography.",88,85.06666667,58.8,"After the drummers are dancers, who often play the sogo (a tiny drum making almost no sound) and usually hav more elaborate — even acrobatic — choreography.","After the drummers come the dancers, who often play the Sogo (a small drum that produces almost no sound) and usually perform a more elaborate, sometimes even acrobatic, choreography.","Following the drummers are the dancers, who usually play the sogo (a small drum that produces very little sound), and their choreography is more intricate, even incorporating acrobatic elements."
"The spacecraft consists of two main elements: the NASA Cassini orbiter, named after the Italian-French astronomer Giovanni Domenico Cassini, and the ESA Huygens probe, named after the Dutch astronomer, mathematician and physicist Christiaan Huygens.",10,"The spacecraft is named after the Italian-French astronomer Giovanni Domenico Cassini, and the ESA Huygens probe, named after the Dutch astronomer, mathematician and physicist Christiaan Huygens.",81.8,52.4,49.53333333,"The spacecraft's two main elements are the NASA Cassini orbiter, named after the Italian-French astronomer Giovanni Domenico Cassini, and the ESA Huygens probe, named after the Dutch astronomer, mathematician and physicist Christiaan Huygens.","The two main components of the spacecraft are NASA's Cassini orbiter, named after the Italian-French astronomer Giovanni Domenico Cassini, and ESA's Huygens probe, named after the Dutch astronomer, mathematician, and physicist Christiaan Huygens.","The spacecraft is composed of two main parts: NASA's Cassini orbiter, named after the Italian-French astronomer Giovanni Domenico Cassini, and ESA's Huygens probe, named after the Dutch astronomer, mathematician, and physicist Christiaan Huygens."
"Alessandro (""Sandro"") Mazzola (born 8 November 1942) is an Italian former football player.",11,Sandro Mazzola (born 8 November 1942) is a former Italian football player.,95.2,89.66666667,72.8,"Alessandro (""Sandro"") Mazzola (born 8 November 1942) is an Italian former footballer.","Alessandro (""Sandro"") Mazzola (born on November 8, 1942) is a former Italian football player.","Alessandro (""Sandro"") Mazzola (born November 8, 1942) is a former Italian football player."
"However, the BZÖ differs a bit in comparison to the Freedom Party, as is in favor of a referendum about the Lisbon Treaty but against an EU-Withdrawal.",14,"However, the BZÖ differs a little bit in respect to the Freedom Party, as is in favour of a poll about the Lisbon Treaty but from an EU-Withdrawal.",64.93333333,69.13333333,41.86666667,"However, the BZO is not the same as the Freedom Party.","However, the BZÖ is not the same as the Freedom Party.","However, the BZO is not the same as the Freedom Party."
"Many species had vanished by the end of the nineteenth century, with European settlement.",15,"Species had vanished,.",48.53333333,40.86666667,58.4,Many species had vanished with European settlement.,Many species disappeared with the European settlement.,Many species disappeared with the settlement of Europeans.
In 1987 Wexler was inducted into the Rock and Roll Hall of Fame.,16,In 1987 Wexler became part of the Rock and Roll Hall of Fame.,91.66666667,90.13333333,72.06666667,In 1987 Wexler was recognized into the Rock and Roll Hall of Fame.,"In 1987, Wexler was inducted into the Rock and Roll Hall of Fame.","In 1987, Wexler was inducted into the Rock and Roll Hall of Fame."
"In its pure form, dextromethorphan occurs as a white powder.",17,"In its, it is a white powder.",27.26666667,25.33333333,19.4,Dextromethorphan appears as a white powder in its natural form.,Dextromethorphan naturally occurs as a white powder.,Dextromethorphan appears as a white powder in its natural state.
Admission to Tsinghua is extremely competitive.,18,Admission to Tsinghua is very competitive.,95.2,97.8,74,It is very hard to be admitted to Tsinghua.,It is very difficult to get accepted into Tsinghua University.,Getting into Tsinghua University is very difficult.
"Today NRC is organised as an independent, private foundation.",19,"Today NRC is organised,.",55.33333333,30.33333333,46.2,"NRC is run as an independent, private foundation.","The NRC is operated as an independent, private foundation.",NRC is an independently operated private foundation.
"It is situated at the coast of the Baltic Sea, where it encloses the city of Stralsund.",20,"It is located at the shore of the Baltic Sea, where it is located at the shore of the borough of Stralsund.",66.6,65.8,29.46666667,It is located at the coast of the Baltic Sea and encloses the city of Stralsund.,It is located on the Baltic Sea coast and surrounds the city of Stralsund.,"It is located on the Baltic Sea coast, surrounding the city of Stralsund."
"He was also named 1982 ""Sportsman of the Year"" by Sports Illustrated.",21,"1982 he was named ""Sportsman.""",55.06666667,20.93333333,24.93333333,"He was Sports Illustrated's ""Sportsman of the Year"" in 1982 .","In 1982, he was named ""Sportsman of the Year"" by Sports Illustrated.","In 1982, he was named ""Sportsman of the Year"" by Sports Illustrated."
Both names became defunct in 2007 when they were merged into The National Museum of Scotland.,24,The National Museum of Scotland is a city of location@2 in the location@3.,41.6,16.13333333,24.46666667,Both names became unused when they joined The National Museum of Scotland.,Both names were no longer used once they became part of the National Museum of Scotland.,"After they were incorporated into the National Museum of Scotland, these two names were no longer used."
"Nevertheless, Tagore emulated numerous styles, including craftwork from northern New Ireland, Haida carvings from the west coast of Canada (British Columbia), and woodcuts by Max Pechstein.",25,"Tagore liked many styles, including craftwork from northern New Ireland, Haida carvings from the west coast of Canada.",67.2,50.26666667,69.33333333,"Nevertheless, Tagore emulated numerous styles, including craftwork from northern New Ireland, Haida carvings from British Columbia, and woodcuts by Max Pechstein.","Nonetheless, Tagore imitated numerous styles, including crafts from northern New Ireland, Haida carvings from British Columbia, and woodcuts by Max Pechstein.","However, Tagore imitated various styles, including crafts from Northern New Ireland, Haida carvings from British Columbia, and woodcuts by Max Pechstein."
"On October 14, 1960, Presidential candidate John F. Kennedy proposed the concept of what became the Peace Corps on the steps of Michigan Union.",26,"On October 14, 1960, presidential candidate John F. Kennedy proposed the concept of what became the Peace Corps on the steps of Michigan Union.",93.33333333,97.2,29.66666667,"On October 14, 1960, Presidential candidate John F. Kennedy proposed the concept for the Peace Corps at the Michigan Union.","On October 14, 1960, presidential candidate John F. Kennedy introduced the concept of the Peace Corps at the Michigan Union.","On October 14, 1960, presidential candidate John F. Kennedy introduced the concept of the Peace Corps at the Michigan Union."
Perry Saturn (with Terri) defeated Eddie Guerrero (with Chyna) to win the WWF European Championship (8:10) Saturn pinned Guerrero after a Diving elbow drop.,28,Perry Saturn (with mother) defeated Eddie Guerrero (with Chyna) to win the WWF European Championship (8:10) Saturn pinned Guerrero after a dive bomber elbow drop.,65.93333333,68.8,44.4,Perry Saturn (with Terri) defeated Eddie Guerrero (with Chyna) in the WWF European Championship (8:10) Saturn pinned Guerrero after a Diving elbow drop.,Perry Saturn (accompanied by Terri) defeated Eddie Guerrero (accompanied by Chyna) in the WWF European Championship after 8 minutes and 10 seconds. Saturn pinned Guerrero following a diving elbow drop.,"Perry Saturn (accompanied by Terri) defeated Eddie Guerrero (accompanied by Chyna) in the WWF European Championship match, with the match lasting 8 minutes and 10 seconds. Saturn secured the victory over Guerrero after executing a flying elbow drop."
She remained in the United States until 1927 when she and her husband returned to France.,29,She stayed in the United States until 1927 when she was married to France.,64.53333333,26.73333333,27.46666667,She remained in the United States until returning to France with her husband in 1927.,She stayed in the United States until she returned to France with her husband in 1927.,"She stayed in the United States until 1927, when she returned to France with her husband."
"Despina was discovered in late July, 1989 from the images taken by the Voyager 2 probe.",30,"Despina was discovered, 1989 from the images taken.",62.4,46.4,31.6,"In 1989, Despina was discovered from the images that were taken by the Voyager 2 probe.","In 1989, Despina was discovered in images taken by the Voyager 2 spacecraft.","In 1989, Despina was discovered in images taken by the Voyager 2 spacecraft."
The first Italian Grand Prix motor racing championship took place on 4 September 1921 at Brescia.,31,The first Italian Grand Prix motor racing open took place on 4 September 1921 at Brescia.,80.8,76.33333333,53.06666667,"The first Grand Prix championship took place on September 4, 1921 at Brescia.","The first Grand Prix championship took place on September 4, 1921, in Brescia.","The first Grand Prix Championship was held in Brescia on September 4, 1921."
He also completed two collections of short stories entitled The Ribbajack & Other Curious Yarns and Seven Strange and Ghostly Tales.,32,He completed the two collections of stories entitled Ribbajack & Other Curious Yarns and Seven Strange and Ghostly Tales.,86.53333333,89.6,60.33333333,He also completed two short story collections. These were titled The Ribbajack & Other Curious Yarns and Seven Strange and Ghostly Tales.,"He has also completed two short story collections. They are titled ""The Ribbajack & Other Curious Yarns"" and ""Seven Strange and Ghostly Tales.""","He also completed two short story collections, ""Ribbajack and Other Peculiar Tales"" and ""Seven Strange Ghost Stories."""
"At the Voyager 2 images Ophelia appears as an elongated object, the major axis pointing towards Uranus.",33,"At the Voyager 2 images Ophelia appears as a stretched object, the major axis pointing towards Uranus.",76.66666667,92.6,81.4,Ophelia looks like a long item from Voyager 2 images with the large part pointing toward Uranus.,"In the Voyager 2 images, Ophelia looks like an elongated object, with its largest part pointing towards Uranus.","Based on the images taken by Voyager 2, Ophelia appears elongated, with its larger end pointing towards Uranus."
The British decided to eliminate him and take the land by force.,34,The British decided to eliminate the land and take him.,73,19.4,20.46666667,The British decided to take him out and land by force.,The British decided to take him out and land by force.,The British decided to forcibly take him away and land him.
"Some towns on the Eyre Highway in the south-east corner of Western Australia, between the South Australian border almost as far as Caiguna, do not follow official Western Australian time.",35,"Some towns on the Eyre Highway in the south-east corner of Western Australia, between the South Australian border almost as far as Caiguna.",59.4,30.33333333,34.26666667,Some towns on the Eyre Highway in southeast Western Australia between Australia and Caiguna don't follow Western Australia time.,"Some towns along the Eyre Highway in southeastern Western Australia, between Australia and Caiguna, do not follow the official time of Western Australia.","On the Eyre Highway in southeastern Western Australia, some towns do not follow the state's standard time."
"In architectural decoration Small pieces of colored and iridescent shell have been used to create mosaics and inlays, which have been used to decorate walls, furniture and boxes.",36,"In a few times, some pieces of colored and inlays shell build a mosaics. This cutting is used to build decorate and create, which have been used to build walls, furniture and boxes.",49.06666667,48.4,26.53333333,"In designing small pieces of colored shells are used to make decorations which are used to decorate walls, furniture, and boxes.","When designing, small pieces of colorful shells are used to create decorations for walls, furniture, and boxes.","In the design, small colorful shells are used to decorate walls, furniture, and boxes."
"The other incorporated cities on the Palos Verdes Peninsula include Rancho Palos Verdes, Rolling Hills Estates and Rolling Hills.",37,"The other cities on the Palos Verdes Estates, Rancho Palos Verdes, Rolling Hills Estates and Rolling Hills.",53.93333333,52.06666667,44.8,"The other cities on the Peninsula are Rancho Palos Verdes, Rolling Hills Estates and Rolling Hills.","The other cities on the peninsula are Rancho Palos Verdes, Rolling Hills Estates, and Rolling Hills.","Other cities on the peninsula include Rancho Palos Verdes, Rolling Hills Estates, and Rolling Hills."
"Fearing that Drek will destroy the galaxy, Clank asks Ratchet to help him find the famous superhero Captain Qwark, in an effort to stop Drek.",38,"Fearing that Drek will destroy the galaxy, Clank asks Ratchet to help him find the famous Captain Qwark, to stop Drek.",86.8,96.06666667,82.46666667,"Fearing that Drek will destroy the galaxy, a search is underway for Captain Qwark, to help stop Drek.","Fearing that Drek might destroy the galaxy, they search for Captain Qwark to stop him.","To stop Drake from destroying the galaxy, people are seeking the help of Captain Quark."
He advocates applying a user-centered design process in product development cycles and also works towards popularizing interaction design as a mainstream discipline.,40,He advocates using a user-centered design process in product development cycles and also works for popularizing trade design as a whole field.,82.2,74,63.13333333,He recommends using a user-centered design process in product development cycles and also to popularize interaction design as a mainstream discipline.,He recommends using a user-centered design process in product development cycles and establishing interaction design as a common discipline.,He suggests adopting a user-centered design process during the product development cycle and promoting interaction design to make it a mainstream discipline.
Working Group I: Assesses scientific aspects of the climate system and climate change.,42,Working Group I: Assessesses look like the climate system and climate change.,42.2,31.73333333,17.8,Working Group I: Looks at the aspects of climate change and the climate,Working Group I: Examines aspects of climate change and climate.,Working Group 1: Study climate change and its various aspects.
"The island chain forms part of the Hebrides, separated from the Scottish mainland and from the Inner Hebrides by the stormy waters of the Minch, the Little Minch and the Sea of the Hebrides.",43,"The island chain forms part of the Hebrides. The river is most likely to be found aside from the Scottish mainland and from the Inner Hebrides by the stormy waters of the Minch, the Little Minch and the Sea of the Hebrides.",68.6,66,40.06666667,The island chain is part of the Hebrides. It is separated from the Scottish mainland and from the Inner Hebrides.,The island chain is part of the Hebrides. It is separated from the Scottish mainland and the Inner Hebrides.,This archipelago is part of the Hebrides and is separated from mainland Scotland and the Inner Hebrides.
"As a result, although many mosques will not enforce violations, both men and women when attending a mosque must adhere to these guidelines.",48,"Even though many mosques will not follow violations, both men and women when attending a mosque must get to these rules.",61.8,60.73333333,30.4,Men and women attending a mosque must follow certain guidelines.,Men and women who visit a mosque must follow certain guidelines.,"When male and female worshippers go to the mosque, they must follow certain rules."
"Ryan Prosser (born 10 July, 1988) is a professional rugby union player for Bristol Rugby in the Guinness Premiership.",50,Ryan Prosser (born 10 July Ryan Prosser (born 10 July is a rugby union player.,40.2,55.06666667,30.06666667,"Born in 1988, Ryan Prosser is a professional rugby player. He plays for Bristol Rugby in the Guinness Premiership.","Ryan Prosser, born in 1988, is a professional rugby player. He plays for Bristol Rugby in the Guinness Premiership.","Ryan Prosser, born in 1988, is a professional rugby player currently playing for the Bristol Rugby Team in the Guinness Premiership."
"Their granddaughter Hélène Langevin-Joliot is a professor of nuclear physics at the University of Paris, and their grandson Pierre Joliot, who was named after Pierre Curie, is a noted biochemist.",52,Their granddaughter Hélène Langevin-Joliot is a professor of nuclear physics at the University of Paris.,85.73333333,53.46666667,69.06666667,Their granddaughter is a professor of nuclear physics at the University of Paris and their grandson is a renowned biochemist.,"Their granddaughter is a professor of nuclear physics at the University of Paris, and their grandson is a renowned biochemist.","Their granddaughter is a professor of nuclear physics at the University of Paris, and their grandson is a renowned biochemist."
"This stamp remained the standard letter stamp for the remainder of Victoria's reign, and vast quantities were printed.",53,This stamp remained the standard letter stamp for the remainder of Victoria's reign.,93.86666667,76.06666667,67.86666667,This remained the standard letter stamp for the rest of Victoria's reign.  Vast quantities were printed.,This remained the standard postage stamp for the rest of Victoria's reign. Large quantities were printed.,This became the standard postage stamp for the remainder of Queen Victoria's reign and was printed in large quantities.
The International Fight League was an American mixed martial arts (MMA) promotion billed as the world's first MMA league.,54,The International Fight League was an American mixed martial arts (MMA) billed as the world's first MMA league.,94,80.46666667,38.73333333,"The International Fight League was an American MMA promotion, known as the world's first MMA league.","The International Fight League was an American MMA organization, known as the world's first MMA league.","The International Fighting League is a mixed martial arts organization in the United States, recognized as the world's first mixed martial arts league."
"Giardia lamblia (synonymous with Lamblia intestinalis and Giardia duodenalis) is a flagellated protozoan parasite that colonises and reproduces in the small intestine, causing giardiasis.",55,Giardia lamblia (synonymous with Lamblia intestinalis and Giardia duodenalis) is a flagellated protozoan parasite that infects.,81.86666667,56.46666667,52.86666667,"Giardia lamblia is a flagellated protozoan parasite that colonises and reproduces in the small intestine, causing giardiasis.","Giardia lamblia is a flagellated protozoan parasite that inhabits and multiplies in the small intestine, leading to giardiasis.","Giardia is a flagellated protozoan parasite that colonizes and reproduces in the small intestine, causing giardiasis."
"Aside from this, Cameron has often worked in Christian-themed productions, among them the post-Rapture films Left Behind: The Movie, Left Behind II: Tribulation Force, and Left Behind: World at War, in which he plays Cameron ""Buck"" Williams.",56,"Aside from this, Cameron has often worked in Christian-themed productions, among them the post-Rapture films Left Behind: the Movie, Left Behind II: Tribulation Force, and Left Behind: at World War, in which he plays Cameron ""Buck"" Williams.",85.4,92.46666667,27.86666667,"Cameron has often worked in Christian productions.  They include Left Behind:  The Movie, Left Behind II: Tribulation Force, and Left Behind:  World at War.","Cameron has frequently participated in Christian productions, including ""Left Behind: The Movie,"" ""Left Behind II: Tribulation Force,"" and ""Left Behind: World at War.""","Cameron frequently participates in Christian-themed projects, including ""Left Behind,"" ""Left Behind II: Tribulation Force,"" and ""Left Behind III: World at War."""
"This was the area east of the mouth of the Vistula River, later sometimes called ""Prussia proper"".",57,"This was the area east of the mouth of the Vistula River, then sometimes known as ""Prussia proper"".",89.4,66.13333333,42.6,Prussia proper was the area east of the mouth of the Vistual River.,The original Prussia was the area east of the mouth of the Vistula.,The homeland of Prussia is located in the region east of the mouth of the Vistula River.
"The story of Christmas is based on the biblical accounts given in the Gospel of Matthew, namely - and the Gospel of Luke, specifically -.",59,The story of Christmas is based on the biblical accounts given in the Gospel of Matthew.,94.8,64.93333333,79.66666667,The story of Christmas is based on the Gospel of Matthew and Luke.,The Christmas story is based on the Gospels of Matthew and Luke.,The story of Christmas originates from the Gospels of Matthew and Luke.
"So far the 'celebrity' episodes have included Vic Reeves, Nancy Sorrell, Gaby Roslin, Scott Mills, Mark Chapman, Simon Gregson, Sue Cleaver, Carol Thatcher, Paul O'Grady and Lee Ryan.",61,"So far the'celebrity' episodes have included Vic Reeves, Nancy Sorrell, Gaby Roslin, Scott Mills, Mark, Chapman Simon Gregson, Sue Cleaver, Carol Thatcher, Paul O'Grady and Lee Ryan.",88.73333333,88.66666667,39.13333333,"The 'celebrity' shows have included the following individuals: Vic Reeves, Nancy Sorrell, Gaby Roslin, Scott Mills, Mark Chapman, Simon Gregson, Sue Cleaver, Carol Thatcher, Paul O'Grady and Lee Ryan.","The ""celebrity"" shows included the following people: Vic Reeves, Nancy Sorrell, Gaby Roslin, Scott Mills, Mark Chapman, Simon Gregson, Sue Cleaver, Carol Thatcher, Paul O'Grady, and Lee Ryan.","The ""Celebrity"" show features the following guests: Vic Reeves, Nancy Sorrell, Gaby Roslin, Scott Mills, Mark Chapman, Simon Gregson, Sue Cleaver, Carol Thatcher, Paul O'Grady, and Lee Ryan."
"It was discovered by Stephen P. Synnott in images from the Voyager 1 space probe taken on March 5, 1979 while orbiting around Jupiter.",62,It was discovered the Voyager 1 space probe taken.,41.2,21.8,15.46666667,"Stephen P. Synnott discovered it.  He found it in images from the Voyager 1 space probe taken on March 5, 1979 while spinning around Jupiter.","Stephen P. Synnott discovered it. He found it in images taken by the Voyager 1 spacecraft during a flyby of Jupiter on March 5, 1979.","Stephen P. Synnott discovered it in images of Jupiter taken by the Voyager 1 spacecraft on March 5, 1979."
"Gomaespuma was a Spanish radio show, hosted by Juan Luis Cano and Guillermo Fesser.",63,Gomaespuma was a Spanish radio show.,98,62.86666667,75.66666667,Gomaespuma was a Spanish radio show.  It was hosted by Juan Luis Cano and Guillermo Fesser.,Gomaespuma was a Spanish radio show hosted by Juan Luis Cano and Guillermo Fesser.,Gomaespuma is a Spanish radio show hosted by Juan Luis Cano and Guillermo Fesser.
He is also a member of another Jungiery boyband 183 Club.,65,Total number@2 number@3 number@4 number@5 number@6,13.8,7.933333333,5.533333333,"He's also a member of another Jungiery boyband, 183 Club.","He is also a member of another boy band, the 183 Club.","He is also a member of another Jungiery boy band, 183 Club."
"In return, Rollo swore fealty to Charles, converted to Christianity, and undertook to defend the northern region of France against the incursions of other Viking groups.",67,"In return, Rollo swore fealty to Charles, converted to Christianity, and set out to defend the north of France from the raids of other Viking groups.",87.86666667,96.46666667,90.93333333,"In return, Rollo swore fealty to Charles, converted to Christianity, and began defending the northern region of France against the incursions of other Viking groups.","In return, Rollo swore allegiance to Charles, converted to Christianity, and began defending the northern region of France against attacks from other Viking groups.","In return, Rollo swore allegiance to Charles, converted to Christianity, and began defending northern France against invasions by other Vikings."
"Disney received a full-size Oscar statuette and seven miniature ones, presented to him by 10-year-old child actress Shirley Temple.",69,Disney received a full-size Oscar statuette and seven miniature ones.,97.26666667,65.2,67.4,Disney got a full-size Oscar statue and seven little ones given to him by 10 year old actress Shirley Temple.,"Disney received a life-sized Oscar statue and seven small ones, which were presented to him by the 10-year-old actress Shirley Temple.","Disney received a full-sized Oscar statuette and seven miniature ones, presented to him by 10-year-old actress Shirley Temple."
It was the first asteroid to be discovered by a spacecraft.,70,It was the first asteroid to be found by a ship.,98.13333333,67.66666667,67.33333333,It was the first asteroid found by a spaceship.,It was the first asteroid to be discovered by a spacecraft.,This is the first asteroid discovered by a spacecraft.
"Hinterrhein is an administrative district in the canton of Graubünden, Switzerland.",71,Hinterrhein is a district of the canton of Graubünden in Switzerland.,86.13333333,85.6,68.33333333,"Hinterrhein is a leading district in the place of Graubünden, Switzerland.","Hinterrhein is a significant district in the canton of Graubünden, Switzerland.","Hinterrhein is an important region in the canton of Graubünden, Switzerland."
It continues as the Bohemian Switzerland in the Czech Republic.,72,It continues.,87.73333333,4.466666667,17.33333333,It goes on as the Bohemian Switzerland in the Czech Republic.,It goes beyond the Bohemian Switzerland in the Czech Republic.,It extends to the Bohemian Switzerland region of the Czech Republic.
"This leads to consumer confusion when 220 (1,048,576) bytes is referenced as 1 MB (megabyte) instead of 1 MiB.",73,"This leads to consumer confusion when 220 (1,048,576) bytes is referenced as 1 MB.",81.53333333,71.73333333,69.2,People get confused when the term MB is used instead of MiB.,People are often confused when the term MB is used instead of MiB.,People often get confused when MB is used instead of MiB.
They are castrated so that the animal may be more docile or may put on weight more quickly.,75,They are castrated so that the animal can be more docile is put on weight more quickly.,59.26666667,57.66666667,27.66666667,The animals are castrated so they become more calm and put on weight.,The animals are neutered so that they become calmer and gain weight.,These animals are castrated to make them more docile and to increase their weight.
"Seventh sons have strong ""knacks"" (specific magical abilities), and seventh sons of seventh sons are both extraordinarily rare and powerful.",76,"His sons have strong ""knacks (specific magical abilities), and seventh sons of her sons are very rare and powerful.",77.13333333,36.86666667,45.4,"Seventh sons have magical abilities, and seventh sons of seven sons are even more powerful.","Seventh sons have magical abilities, and the seventh sons of seventh sons are even more powerful.","The son of a seventh son possesses magical abilities, while the seventh son of a seventh son is even more powerful."
"Benchmarking conducted by PassMark Software highlights the 2009 version's 52 second install time, 32 second scan time, and 7 MB memory utilization.",77,"Benchmarking started by PassMark Software in the 2009 version's 52 second install time, 32 second scan time, and 7 MB memory use.",64.06666667,77.13333333,62.13333333,"Benchmarking done by PassMark Software highlights the 2009 version's 52 second install time, 32 second scan time, and 7 MB memory utilization.","The benchmarking conducted by PassMark Software highlights the 52-second installation time, the 32-second scan time, and the 7 MB memory usage of the 2009 version.","PassMark Software's benchmark tests show that the 2009 version has an installation time of 52 seconds, a scan time of 32 seconds, and a memory usage of 7 MB."
Volterra is a town in the Tuscany region of Italy.,78,Volterra is a town in the region of Tuscany Italy.,93.73333333,83.13333333,45.6,Volterra is an Italian town in the Tuscany region.,Volterra is an Italian city in the region of Tuscany.,Volterra is a small town in the Tuscany region of Italy.
"Historically, the sensations of itch and pain have not been considered to be independent of each other until recently, where it was found that itch has several features in common with pain, but exhibits notable differences.",79,", the sensations have been considered to be, it was found that itch has features in, but exhibits differences.",17.6,22,14.8,"Historically, the sensations of itch and pain have not been considered to be independent of each other until recently. It was found that itch has several features in common with pain, but exhibits notable differences.","Historically, itch and pain have only recently been considered independent of each other. It was discovered that while itch shares some similarities with pain, it also has notable differences.","Historically, itching and pain have been considered interconnected sensations, but only recently have they been recognized as distinct. Research has found that itching and pain share some common characteristics, yet there are also significant differences between them."
"The tongue is sticky because of the presence of glycoprotein-rich mucous, which both lubricates movement in and out of the snout and helps to catch ants and termites, which adhere to it.",80,"The sticky tongue is because of the presence of mucous glycoprotein-rich, which both lubricates movement in and out of the snout and helps to catch ants and termites, which adhere to it.",86.46666667,82.53333333,34.8,"The tongue is sticky because of the presence of glycoprotein-rich mucous. This lubricates movement in and out of the snout and helps to catch ants and termites, which adhere to it.",The tongue is sticky due to the presence of glycoprotein-rich mucus. This facilitates movement in and out of the snout and helps catch ants and termites that stick to it.,"The tongue is sticky due to the presence of mucus rich in glycoproteins. This mucus aids the tongue in its flexible movement between the mouth and nose, and helps capture ants and termites by making them adhere to the tongue."
The same tram had derailed on 30 May 2006 at Starr Gate loop during previous trials.,81,The same tram had derailed on 30 May 2006 at Starr Gate loop in past tests.,89.06666667,93,81.06666667,The same tram had derailed on 30 May 2006 at during previous trials.,"The same tram had already derailed during earlier test runs on May 30, 2006.","The same tram experienced a derailment during its trial run on May 30, 2006."
"There are statues of Sir Alf Ramsey and Sir Bobby Robson, both former Ipswich Town and England managers, outside the ground.",82,There are many statues of Sir Alf Ramsey and Sir Bobby Robson. There are many former Ipswich Town in England.,57.93333333,37.66666667,31.93333333,There are statues of former Ipswich Town and England managersSir Alf Ramsey and Sir Bobby Robson outside the ground.,In front of the stadium stand statues of former Ipswich Town and England managers Sir Alf Ramsey and Sir Bobby Robson.,"Outside the stadium, there are statues of Sir Alf Ramsey and Sir Bobby Robson, former managers of Ipswich Town and the England national team."
Take the square root of the variance.,83,The square root of the variance is the ###eos###.,32.86666667,35,15.33333333,Take the variance's square root.,Take the square root of the variance.,Find the square root of the variance.
"Volunteers provided food, blankets, water, children's toys, massages, and a live rock band performance for those at the stadium.",84,"Volunteers given food, blankets, water, children's toys, massages, and a live rock band return for those at the stadium.",64.93333333,46.26666667,25.93333333,"Volunteers provided food, blankets, water, toys, massages, and a rock performance for those at the stadium.","Volunteers provided the people in the stadium with food, blankets, water, toys, massages, and a rock concert.","Volunteers provided food, blankets, drinking water, toys, massage services, and a rock concert for the people in the stadium."
Vouvray-sur-Huisne is a commune in the Sarthe department in the region of Pays-de-la-Loire in northwestern France.,85,It is found in the region Pays de la location@4 in the Sarthe department in the west of France.,74.4,29.33333333,21.8,Vouvray-sur-Huisne is a place people work together in the Sarthe place of Pays-de-la-Loire in northwestern France.,Vouvray-sur-Huisne is a place in the Sarthe region of Pays de la Loire in northwestern France where people come together to collaborate.,Vouvray-sur-Huisne is a coworking location in the Sarthe department of the Loire region in northwestern France.
"If there are no strong land use controls, buildings are built along a bypass, converting it into an ordinary town road, and the bypass may eventually become as congested as the local streets it was intended to avoid.",86,"If there are no strong land use controls, buildings are built along a bypass, converting it into an ordinary town road.",78.4,64.33333333,78.4,Buildings are built along a road that goes over other roads if not controlled and may become busy anyway.,"Buildings are being constructed along a road that runs over other streets. If traffic isn't managed, it can still lead to congestion.","If not controlled, buildings constructed along a highway that crosses other roads could become very busy."
"It is also a starting point for people wanting to explore Cooktown, Cape York Peninsula, and the Atherton Tableland.",87,"It is also a starting point for people wanting to see Cooktown, Cape York Peninsula, and the Atherton Tableland.",98.8,95,72.53333333,"It is the start for people looking at Cooktown, Cape York Peninsula, and the Atherton Tableland.","It is the starting point for people who want to explore Cooktown, the Cape York Peninsula, and the Atherton Tableland.","This is the starting point for people to explore Cooktown, the Cape York Peninsula, and the Atherton Tablelands."
"None of the authors, contributors, sponsors, administrators, vandals, or anyone else connected with Wikipedia, in any way whatsoever, can be responsible for your use of the information contained in or linked from these web pages.",89,"None contributors,,,, sponsors or administrators Vandals, anyone else connected,, can be for your use of the information or contained in linked.",25.2,22.86666667,15.53333333,None of the people connected with Wikipedia in any way can be responsible for how you use the information you learn here.,None of the individuals associated with Wikipedia in any way can be held responsible for how you use the information obtained here.,Anyone associated with Wikipedia is not responsible for how you use the information obtained here.
"George Frideric Handel also served as Kapellmeister for George, Elector of Hanover (who eventually became George I of Great Britain).",90,"George Frideric Handel also served as Kapellmeister for George, Elector of Hanover, who later became George I of Great Britain.",81.8,97,74.66666667,"George Frideric Handel also served as Kapellmeister for George, Elector of Hanover.","George Frideric Handel also served as the Kapellmeister for George, Elector of Hanover.","George Frideric Handel also served as the Kapellmeister for George, the Elector of Hanover."
"Their eyes are quite small, and their visual acuity is poor.",91,"Their eyes are small, and the visual acuity is poor.",85,83.2,54.86666667,"Their eyes are small, and their visual acuity is poor.","Her eyes are small, and her eyesight is weak.","Their eyes are small, and their eyesight is poor."
Oregano is an indispensable ingredient in Greek cuisine.,93,Oregano is a vital element in Greek cuisine.,94.73333333,94.73333333,86.13333333,Oregano is an essentlal ingredient in Greek cooking.,Oregano is an essential ingredient in Greek cuisine.,Oregano is an essential ingredient in Greek cuisine.
"Tickets can be retailed for National Rail services, the Docklands Light Railway and on Oyster card.",94,"Tickets can be retailed for National Rail services, the Docklands Light Rail and on Oyster card.",61.46666667,86.66666667,50.8,"Tickets can be purchased for National Rail services, the Docklands Light Railway or an Oyster card.","Tickets can be purchased for National Rail services, the Docklands Light Railway, or an Oyster Card.","You can purchase tickets for National Rail services, the Docklands Light Railway, or Oyster cards."
"These works he produced and published himself, whilst his much larger woodcuts were mostly commissioned work.",95,These works he made and published himself and his much larger woodcuts were written work.,72.6,41.46666667,49.93333333,Some works he made himself.  His larger woodcuts were commissioned.,He created some works himself. His larger woodcuts were commissioned.,"Some of the pieces were created by him, while the larger wood carvings were commissioned."
The historical method comprises the techniques and guidelines by which historians use primary sources and other evidence to research and then to write history.,96,The historical method is the arrangement and guidelines by which historians use main sources and other proof to research and then to write history.,81.4,80.86666667,77.46666667,The historical method is the way in which historians use primary sources and other evidence to research and record history.,The historical method is the approach used by historians to explore and document history through the use of primary sources and other evidence.,The historical research method is the way historians use primary sources and other evidence to study and document history.
The sheer weight of the continental icecap sitting on top of Lake Vostok is believed to contribute to the high oxygen concentration.,97,The sheer weight of the nampan icecap sitting on top of Lake Vostok is thought to help the high oxygen level.,84.13333333,68.4,52.53333333,High oxygen concentration is caused from the weight of the icecap on Lake Vostok.,The high oxygen concentration is caused by the weight of the ice cap on Lake Vostok.,The weight of the ice sheet has led to a higher concentration of oxygen in Lake Vostok.
Aliteracy (sometimes spelled alliteracy) is the state of being able to read but being uninterested in doing so.,99,Aliteracy (sometimes spelled alliteracy) is the state of being able to read but being want to do so.,53.2,37.8,15.2,Aliteracy is being able to read but choosing not to.,Aliteracy means being able to read but consciously choosing not to.,Functional illiteracy refers to having the ability to read but choosing not to.
Mifepristone is a synthetic steroid compound used as a pharmaceutical.,100,Mifepristone is a synthetic steroid compound. Its chemical formula is used as a drug.,79.8,83.53333333,57.06666667,Mifepristone is a synthetic steroid compound used as medicine.,Mifepristone is a synthetic steroid compound used as a medication.,Mifepristone is a synthetic steroid compound used in medication.
It will then dislodge itself and sink back to the river bed in order to digest its food and wait for its next meal.,101,It will then sink back to the river bed in order to stop its food and wait for its next meal.,61.8,50.4,43.13333333,It will move itself and sink back to the river bed so that it can digest its food and wait for its next meal.,It will move and sink back to the riverbed to digest its food and wait for the next meal.,It moves on its own and sinks back to the riverbed to digest its food and wait for the next meal.
"Furthermore, research has shown children are less likely to report a crime if it involves someone that he or she knows, trusts, and / or cares about.",102,", research has shown children are to report a crime if it involves someone that he or she knows, trusts, or / and cares about.",54.8,29.46666667,30.6,Research has shown that children are less likely to report a crime if it involves someone that he or she knows.,Studies have shown that children are less likely to report a crime if it involves someone they know.,Research shows that children are less likely to report a crime if it involves someone they know.
"Today, Landis' father has become a hearty supporter of his son and regards himself as one of Floyd's biggest fans.",103,"Today, Landis' father has become a trusted supporter of his son and representing himself as one of Floyd's biggest fans.",83.26666667,77.06666667,48.13333333,"Today, Floyd's father has become a strong supporter of his son.","Today, Floyd's father has become a strong supporter of his son.","Today, Freud's father has become one of his staunchest supporters."
"Shortly after attaining Category 4 status, the outer convection of the hurricane became ragged.",104,"Shortly after reaching Category 4 status, the strength of the hurricane became ragged.",78.86666667,71.93333333,66.53333333,"Shortly after reaching Category 4 status, the hurricane decreased in strength.","Shortly after the hurricane reached Category 4, its strength decreased.",The hurricane weakened shortly after reaching Category 4.
The equilibrium price for a certain type of labor is the wage.,105,The price of balance for some type of work is the wage.,72.26666667,62.66666667,45.8,The price for a certain type of labor is the wage.,The price for a certain type of work is the wage.,The price of a certain type of labor is called wages.
"He settled in London, devoting himself chiefly to practical teaching.",107,"He settled in London, devoting himself.",65.46666667,32.06666667,27.73333333,"He settled in London, devoting himself mostly to practical teaching.",He settled in London and devoted himself primarily to practical teaching.,"He settled in London, primarily focusing on practical teaching."
"Brunstad has several fast food restaurants, a cafeteria-style restaurant, coffee bar, and its own grocery store.",108,"Brunstad has a number of fast food restaurants, a cafeteria-style restaurant, coffee bar, and its own store.",91.4,85.06666667,73.06666667,Brunstad has several fast food restaurants as well as a cafeteria-style restaurant. They also have a coffee bar and a grocery store.,Brunstad has several fast-food restaurants as well as a cafeteria-style restaurant. There is also a coffee bar and a grocery store there.,"Brunstad has several fast-food restaurants and a buffet, as well as a café and a grocery store."
"He left a detachment of 11,000 troops to garrison the newly conquered region.",109,He left a detachment to garrison conquered the region.,51.4,46.93333333,30.2,"He left 11,000 troops there to defend the region.","He left 11,000 soldiers there to defend the region.","He left behind 11,000 soldiers to defend the area."
"In 1438 Trevi passed under the temporal rule of the Church as part of the legation of Perugia, and thenceforth its history merges first with that of the States of the Church, then (1860) with the united Kingdom of Italy.",110,"1438 Trevi passed in in 1438 Trevi thenceforth merges, and its history.",33.13333333,17.73333333,16.86666667,"In 1438, Trevi was temporarily ruled by the Church as part of Perugia. From that time, its history merges with the States of the Church until 1860, then becoming part of the united Kingdom of Italy.","In 1438, Trevi was temporarily governed by the Church as part of Perugia. From that time on, its history was linked with that of the Papal States until 1860, before it became part of the unified Kingdom of Italy.","In 1438, Trevi came under temporary church rule as part of Perugia. From that time on, its history was intertwined with the Papal States until it became part of the Kingdom of Italy in 1860."
"The depression moved inland on the 20th as a circulation devoid of convection, and dissipated the next day over Brazil, where it caused heavy rains and flooding.",111,The depression moved inland on the 20th as a circulation devoid of convection.,75.46666667,58.06666667,67.4,"The tropical depression moved inland on the 20th barely formed. It dissolved the next day over Brazil, causing heavy rains and flooding.","The tropical depression moved inland on the 20th with little intensity. The next day, it dissipated over Brazil, causing heavy rainfall and flooding.","This tropical depression moved inland as soon as it formed on the 20th and dissipated over Brazil the following day, causing heavy rainfall and flooding."
The New York City Housing Authority Police Department was a law enforcement agency in New York City that existed from 1952 to 1995.,112,The New York City Housing Authority Police Force was a law enforcement agency in New York City that is there from 1952 to 1995.,74.8,77.33333333,40.4,The New York City Housing Authority Police Department existed from 1952 to 1995.,The police department of the New York City Housing Authority existed from 1952 to 1995.,The New York City Housing Authority Police Department existed from 1952 to 1995.
"The current lineup of the band comprises Flynn (vocals, guitar), Duce (bass), Phil Demmel (guitar), and Dave McClain (drums).",113,"Comprises the lineup Flynn (vocals, guitar, bass) Duce (), Phil Demmel () guitar, drums and Dave McClain ().",46.53333333,42.73333333,18.06666667,"The current lineup of the band is Flynn (vocals, guitar), Duce (bass), Phil Demmel (guitar), and Dave McClain (drums).","The current lineup of the band consists of Flynn (vocals, guitar), Duce (bass), Phil Demmel (guitar), and Dave McClain (drums).","The current members of the band are Flynn (vocals, guitar), Duce (bass), Phil Demmel (guitar), and Dave McClain (drums)."
Advocacy Countries with a minority Muslim population are more likely than Muslim-majority countries of the Greater Middle East to use mosques as a way to promote civic participation.,114,Advocacy Countries with a minority Muslim population are more likely to be Muslim-majority countries of the Greater Middle East to use mosques as a way to promote civic participation.,56.06666667,51.06666667,36.06666667,Advocacy Countries with a minority of Muslims are more likely than countries with a majority of Muslims to use mosques to promote civic participation.,Countries where Muslims are in the minority are more likely to use mosques to promote civic engagement than countries where Muslims are the majority.,"In countries where Muslims are a minority, mosques are more likely to be used to promote civic engagement compared to countries where Muslims are the majority."
"In 1998, Culver ran for Iowa Secretary of State and was victorious.",117,"In 1998, Culver ran for Iowa Secretary of State.",96,63.13333333,75.86666667,Culver became Iowa's Secretary of State in 1998.,Culver was appointed as the Secretary of State of Iowa in 1998.,"In 1998, Culver became the Secretary of State of Iowa."
"Shade sets the main plot of the novel in motion when he impetuously defies that law, and inadvertently initiates a chain of events that leads to the destruction of his colony's home, forcing their premature migration, and his separation from them.",119,The story was the main plot of the novel in motion when he impetuously defies that law.,63.73333333,31.8,44.66666667,"Shade sets the plot of the novel in motion by defying the law. This starts a chain of events that leads to the destruction of his home, forcing him to leave and his separation from the group.","Shade sets the plot of the novel in motion by breaking the law. This triggers a chain of events that leads to the destruction of his home, forces him to flee, and causes his separation from the group.","Shade broke the law, triggering the development of the novel's plot. This series of events led to the destruction of his home, forcing him to leave and become separated from his team."
The female equivalent is a daughter.,120,The equivalent is a daughter.,88.4,57.66666667,58.93333333,"If the child is a female, it is a daughter.","If the child is female, it is a daughter.","If this child is female, then she is a daughter."
He was diagnosed with inoperable abdominal cancer in April 1999.,121,He was told that he was sick with cancer in April 1999.,92.06666667,63.06666667,82.26666667,He found out he had stomach cancer in April 1999.,"In April 1999, he learned that he had stomach cancer.",He was diagnosed with stomach cancer in April 1999.
The form of chess played is speed chess in which each competitor has a total of twelve minutes for the whole game.,123,The form of chess played is speed chess in which each player has a total of twelve minutes for the whole game.,82.86666667,96.13333333,70.26666667,Speed chess gives each player 12 minutes for the game.,"In blitz chess, each player has 12 minutes for the game.","In the rapid chess tournament, each player has 12 minutes of game time."
The Amazon Basin is the part of South America drained by the Amazon River and its tributaries.,124,The Amazon Basin is the part of South America drained by the Amazon River.,90.8,80.06666667,88.4,The Amazon Basin is at the end of the Amazon river.,The Amazon Basin is located at the end of the Amazon River.,The Amazon Basin is located in the lower reaches of the Amazon River.
The two former presidents were later separately charged with mutiny and treason for their roles in the 1979 coup and the 1980 Gwangju massacre.,125,The two old presidents were charged with mutiny and treason for their roles in the coup and the 1980 Gwangju massacre.,98.2,75.66666667,76.26666667,The two former presidents were charged with mutiny and treason. The charges came from their actions in the 1979 coup and the 1980 Gwangju massacer.,The two former presidents were charged with mutiny and high treason. The charges relate to their actions during the 1979 coup and the Gwangju Massacre in 1980.,Two former presidents have been charged with rebellion and treason. These charges stem from their actions during the 1979 coup and the 1980 Gwangju Uprising.
Moderate to severe damage extended up the Atlantic coastline and as far inland as West Virginia.,126,Moderate to bad damage reached the Atlantic coastline and as far as West Virginia.,78.93333333,83.06666667,68.73333333,"Places along the Atlantic coast had moderate to severe damage. There was inland damage as far away from the coast as West Virginia, too.","Locations along the Atlantic coast suffered moderate to severe damage. There was also damage inland, reaching as far as West Virginia.","The Atlantic coastal region suffered moderate to severe damage, and even inland areas as far as West Virginia were affected."
"The wave traveled across the Atlantic, and organized into a tropical depression off the northern coast of Haiti on September 13.",128,"The wave moved across the Atlantic, and started into a tropical depression off the northwest coast of Haiti on September 13.",83.73333333,83.73333333,60.6,"The wave traveled across the Atlantic. On September 13, it became a tropical depression near Haiti's northern coast.","The wave traveled across the Atlantic. On September 13, it developed into a tropical depression near the northern coast of Haiti.",This storm system crossed the Atlantic and developed into a tropical depression near the northern coast of Haiti on September 13th.
"For example, the stylebook of the Associated Press is updated annually.",129,", the stylebook is updated.",35.93333333,25.4,29.33333333,"For example, the designs used by the Associated Press are updated every year.","For example, the Associated Press designs are updated every year.","For example, the design used by the Associated Press is updated annually."
"The four canonical texts are the Gospel of Matthew, Gospel of Mark, Gospel of Luke and Gospel of John, probably written between AD 65 and 100 (see also the Gospel according to the Hebrews).",130,Gospel of Luke and Gospel of John.,68,12.4,26.53333333,"The four canonical texts are the Gospel of Matthew, Gospel of Mark, Gospel of Luke and Gospel of John. They were probably written between AD 65 and 100 (see also the Gospel according to the Hebrews).","The four canonical Gospels are the Gospel of Matthew, the Gospel of Mark, the Gospel of Luke, and the Gospel of John. They were likely written between 65 and 100 AD (see also the Gospel of the Hebrews).","The four canonical Gospels are the Gospel of Matthew, the Gospel of Mark, the Gospel of Luke, and the Gospel of John. They were likely written between AD 65 and 100 (see also the Gospel of the Hebrews)."